feature_call,num_cells,pct_cells,median_umis,stddev_umis
No guide molecules,23,0.004074402125775022,None,None
No confident call,1163,0.20602302922940655,None,None
1 protospacer assigned,3425,0.6067316209034543,None,None
More than 1 protospacer assigned,1057,0.18724534986713906,None,None
ACE2-1,63,0.011160318866253321,213,209.19973253500726
ACE2-1|RAB1A-2,1,0.0001771479185119575,536,0
ACE2-1|GSK3A-1,1,0.0001771479185119575,89,0
ACE2-1|CSNK2A1-2,1,0.0001771479185119575,149,0
ACE2-1|H2AFY-2,1,0.0001771479185119575,393,0
ACE2-1|SRRT-2,2,0.000354295837023915,554.5,124.5
ACE2-1|DPP4-1|ELOF1-2|Non-Targeting-7|PPIB-1|TRA2B-1,1,0.0001771479185119575,2760,0
ACE2-1|PPIB-1|RBM25-2,1,0.0001771479185119575,2358,0
ACE2-1|ELOF1-1,2,0.000354295837023915,1854.0,141.0
ACE2-1|EIF4EBP1-2,3,0.0005314437555358724,603,665.8575089478395
ACE2-1|ATF4-2,1,0.0001771479185119575,276,0
ACE2-1|CAMLG-2,1,0.0001771479185119575,624,0
ACE2-1|EZR-1|PPIB-1|RBBP4-1,1,0.0001771479185119575,2155,0
ACE2-1|ELOF1-2,1,0.0001771479185119575,152,0
ACE2-1|GSK3A-1|SMARCD1-1,1,0.0001771479185119575,601,0
ACE2-1|GRB2-2|Non-Targeting-7,1,0.0001771479185119575,2144,0
ACE2-1|ACE2-2|SMARCD1-2,1,0.0001771479185119575,1736,0
ACE2-1|ATF4-1,1,0.0001771479185119575,236,0
ACE2-1|Non-Targeting-5,1,0.0001771479185119575,519,0
ACE2-1|CSNK2A1-1|DPP4-1,1,0.0001771479185119575,310,0
ACE2-1|MORF4L1-2,1,0.0001771479185119575,718,0
ACE2-1|TMPRSS2-1,1,0.0001771479185119575,680,0
ACE2-1|RBBP4-2,1,0.0001771479185119575,324,0
ACE2-1|EZR-2|GRB2-1|GSK3A-1|KDM1A-1|MBNL1-2|MORF4L1-1|Non-Targeting-8|RBBP4-1,1,0.0001771479185119575,1650,0
ACE2-1|CTNNB1-2|MBNL1-1|MORF4L1-1,1,0.0001771479185119575,504,0
ACE2-1|CTNNB1-1,2,0.000354295837023915,1478.5,139.5
ACE2-1|EIF4EBP1-1|LMNA-1,1,0.0001771479185119575,521,0
ACE2-1|BRD4-1,1,0.0001771479185119575,250,0
ACE2-1|SNRNP40-1,1,0.0001771479185119575,291,0
ACE2-1|EZR-1|JUN-1,1,0.0001771479185119575,888,0
ACE2-1|SET-2|SNRNP40-1,2,0.000354295837023915,584.5,110.5
ACE2-1|EIF4EBP1-1|GSK3A-1|H2AFY-1|Non-Targeting-7,1,0.0001771479185119575,1795,0
ACE2-1|DPP4-1,1,0.0001771479185119575,535,0
ACE2-1|CDKN3-1|H2AFY-2|MBNL1-2,1,0.0001771479185119575,490,0
ACE2-1|MBNL1-2,1,0.0001771479185119575,505,0
ACE2-1|GSK3A-2,1,0.0001771479185119575,240,0
ACE2-1|ELOF1-1|EZR-2|JUN-2,1,0.0001771479185119575,1165,0
ACE2-1|RBBP4-1,2,0.000354295837023915,382.5,97.5
ACE2-1|Non-Targeting-7,1,0.0001771479185119575,342,0
ACE2-1|SUZ12-2,1,0.0001771479185119575,209,0
ACE2-1|BAZ1B-2|MBNL1-1,1,0.0001771479185119575,818,0
ACE2-1|TRA2B-1,1,0.0001771479185119575,922,0
ACE2-1|DPP4-2,1,0.0001771479185119575,39,0
ACE2-1|TMPRSS2-2,1,0.0001771479185119575,874,0
ACE2-1|CDKN3-1|DPP4-2|Non-Targeting-5,1,0.0001771479185119575,1101,0
ACE2-1|SUZ12-1,1,0.0001771479185119575,839,0
ACE2-2,81,0.014348981399468556,714,516.998542024461
ACE2-2|MBNL1-1,2,0.000354295837023915,1235.0,278.0
ACE2-2|CAMLG-2|CDKN3-1|MBNL1-2,1,0.0001771479185119575,578,0
ACE2-2|RAB1A-3,1,0.0001771479185119575,3289,0
ACE2-2|APH1A-1|CDKN3-2|EIF4EBP1-2|MORF4L1-2|RBM25-2,1,0.0001771479185119575,1904,0
ACE2-2|MORF4L1-2,2,0.000354295837023915,873.5,737.5
ACE2-2|CDKN3-2|MORF4L1-2|SET-2|UBE2N-1,2,0.000354295837023915,656.0,21.0
ACE2-2|ATF4-1|CAMLG-2|CDKN3-2|PAIP2-1,1,0.0001771479185119575,255,0
ACE2-2|EIF4EBP1-1|H2AFY-2,1,0.0001771479185119575,547,0
ACE2-2|SET-1,1,0.0001771479185119575,543,0
ACE2-2|CSNK2A1-2|EIF4EBP1-1|KDM1A-1,1,0.0001771479185119575,1832,0
ACE2-2|Non-Targeting-5,5,0.0008857395925597874,688,222.71955459725578
ACE2-2|BAZ1B-2|EIF4EBP1-2|PAIP2-1,1,0.0001771479185119575,1216,0
ACE2-2|LMNA-1|Non-Targeting-5,1,0.0001771479185119575,273,0
ACE2-2|EIF4EBP1-2|GRB2-1|KDM1A-1,1,0.0001771479185119575,619,0
ACE2-2|UBXN1-2,1,0.0001771479185119575,1061,0
ACE2-2|GRB2-2|SET-2,1,0.0001771479185119575,2040,0
ACE2-2|HDAC1-2,1,0.0001771479185119575,296,0
ACE2-2|SRRT-1,1,0.0001771479185119575,265,0
ACE2-2|BRD4-2,1,0.0001771479185119575,1521,0
ACE2-2|JUN-2,1,0.0001771479185119575,3005,0
ACE2-2|CSNK2A1-2,1,0.0001771479185119575,1554,0
ACE2-2|CDKN3-2|GSK3A-2|RBBP4-1,1,0.0001771479185119575,108,0
ACE2-2|GSK3A-1,1,0.0001771479185119575,1690,0
ACE2-2|CDKN3-1|Non-Targeting-8,1,0.0001771479185119575,1716,0
ACE2-2|MORF4L1-2|SUZ12-2,1,0.0001771479185119575,1973,0
ACE2-2|ATF4-1|Non-Targeting-7|TMPRSS2-1,1,0.0001771479185119575,958,0
ACE2-2|CDKN3-1,1,0.0001771479185119575,957,0
ACE2-2|HDAC1-1,1,0.0001771479185119575,170,0
ACE2-2|BRD4-1|HDAC1-2,1,0.0001771479185119575,1014,0
ACE2-2|APH1A-2|Non-Targeting-8|PAIP2-1|SNRNP70-2,1,0.0001771479185119575,693,0
ACE2-2|SET-2,1,0.0001771479185119575,60,0
ACE2-2|UBE2N-2,1,0.0001771479185119575,233,0
ACE2-2|TMPRSS2-2,1,0.0001771479185119575,230,0
ACE2-2|PPP2CA-1,1,0.0001771479185119575,574,0
ACE2-2|CSNK2A1-2|HDAC1-1|Non-Targeting-8,1,0.0001771479185119575,1422,0
ACE2-2|GRB2-1,1,0.0001771479185119575,1424,0
ACE2-2|BRD4-1|GSK3A-2|RBBP4-1,1,0.0001771479185119575,1312,0
ACE2-2|TMPRSS2-1,1,0.0001771479185119575,576,0
ACE2-2|UBXN1-1,1,0.0001771479185119575,1314,0
ACE2-2|CAMLG-1|DHX9-2|EIF4EBP1-2|ELOF1-1|ELOF1-2|H2AFY-1|HDAC1-2|MORF4L1-2|NOC2L-2|Non-Targeting-5|SRPK1-1|TPR-1,1,0.0001771479185119575,2423,0
ACE2-2|ATF4-2|GSK3A-1,1,0.0001771479185119575,523,0
ACE2-2|Non-Targeting-8,1,0.0001771479185119575,1961,0
APH1A-1,60,0.010628875110717449,519.0,381.3846862275528
APH1A-1|JUN-1,1,0.0001771479185119575,232,0
APH1A-1|CAMLG-2|JUN-1,1,0.0001771479185119575,601,0
APH1A-1|CSNK2A1-2|Non-Targeting-5|SUZ12-2,1,0.0001771479185119575,1034,0
APH1A-1|H2AFY-2|Non-Targeting-8|PPIB-1|SUZ12-2,1,0.0001771479185119575,1792,0
APH1A-1|ATF4-2|GSK3A-2|Non-Targeting-8,2,0.000354295837023915,805.5,122.5
APH1A-1|HRAS-2,1,0.0001771479185119575,841,0
APH1A-1|ATF4-1|PPIB-2,1,0.0001771479185119575,3749,0
APH1A-1|GSK3A-1,2,0.000354295837023915,1031.0,501.0
APH1A-1|MORF4L1-1|TMPRSS2-1,1,0.0001771479185119575,1189,0
APH1A-1|BRD4-2,1,0.0001771479185119575,903,0
APH1A-1|Non-Targeting-5|SRPK1-2|TMPRSS2-1,1,0.0001771479185119575,1842,0
APH1A-1|DPP4-1|ELOF1-2|GSK3A-1|RBM25-2,1,0.0001771479185119575,225,0
APH1A-1|CTNNB1-1|GRB2-1,2,0.000354295837023915,1456.0,48.0
APH1A-1|BRD4-1|RBBP4-2,1,0.0001771479185119575,192,0
APH1A-1|Non-Targeting-8,1,0.0001771479185119575,1058,0
APH1A-1|MBNL1-2,2,0.000354295837023915,347.5,68.5
APH1A-1|Non-Targeting-5,1,0.0001771479185119575,1537,0
APH1A-1|GSK3A-2|Non-Targeting-8,1,0.0001771479185119575,1742,0
APH1A-1|PAIP2-2|SNRNP40-1,1,0.0001771479185119575,921,0
APH1A-1|ELOF1-2,1,0.0001771479185119575,1165,0
APH1A-1|SET-1,1,0.0001771479185119575,704,0
APH1A-1|BRD4-2|CDKN3-2,1,0.0001771479185119575,650,0
APH1A-1|MBNL1-1|TMPRSS2-2,1,0.0001771479185119575,149,0
APH1A-1|TMPRSS2-1,1,0.0001771479185119575,78,0
APH1A-1|GRB2-2,1,0.0001771479185119575,583,0
APH1A-1|CSNK2A1-1,1,0.0001771479185119575,1065,0
APH1A-2,59,0.010451727192205492,51,53.42803045574276
APH1A-2|CDKN3-1|CDKN3-2|EZH2-1|PPIB-1,2,0.000354295837023915,447.0,174.0
APH1A-2|RBBP4-1,1,0.0001771479185119575,98,0
APH1A-2|DPP4-1,1,0.0001771479185119575,225,0
APH1A-2|MBNL1-1|SMARCD1-2,1,0.0001771479185119575,394,0
APH1A-2|H2AFY-1|SMARCD1-1,1,0.0001771479185119575,786,0
APH1A-2|PPIB-2,3,0.0005314437555358724,398,49.88876515698588
APH1A-2|Non-Targeting-5,3,0.0005314437555358724,521,255.9848085770369
APH1A-2|GSK3A-1,1,0.0001771479185119575,241,0
APH1A-2|ELOF1-1|SNRNP40-1,1,0.0001771479185119575,1045,0
APH1A-2|CSNK2A1-2,1,0.0001771479185119575,49,0
APH1A-2|MBNL1-1,1,0.0001771479185119575,287,0
APH1A-2|HRAS-2|PPIB-1,1,0.0001771479185119575,1223,0
APH1A-2|CSNK2A1-2|SNRNP70-1,1,0.0001771479185119575,63,0
APH1A-2|JUN-1,1,0.0001771479185119575,175,0
APH1A-2|BAZ1B-2,1,0.0001771479185119575,115,0
APH1A-2|SUZ12-2,2,0.000354295837023915,384.0,350.0
APH1A-2|EIF4EBP1-2|MORF4L1-2,1,0.0001771479185119575,223,0
APH1A-2|CAMLG-1,1,0.0001771479185119575,57,0
APH1A-2|BAZ1B-1|SMARCD1-2,1,0.0001771479185119575,186,0
APH1A-2|H2AFY-2,1,0.0001771479185119575,109,0
APH1A-2|SRRT-2,1,0.0001771479185119575,88,0
APH1A-2|PPIB-1,1,0.0001771479185119575,808,0
APH1A-2|HDAC1-2,1,0.0001771479185119575,626,0
APH1A-2|CSNK2A1-2|DHX9-2|TRA2B-2,1,0.0001771479185119575,1243,0
APH1A-2|EZR-1|SUZ12-2|TMPRSS2-2,1,0.0001771479185119575,318,0
APH1A-2|UBXN1-1,1,0.0001771479185119575,163,0
APH1A-2|ELOF1-2|EZR-2|KDM1A-1|SRPK1-2,1,0.0001771479185119575,1535,0
APH1A-2|EZH2-1,1,0.0001771479185119575,262,0
APH1A-2|PAIP2-1,1,0.0001771479185119575,387,0
APH1A-2|BRD4-2,1,0.0001771479185119575,132,0
APH1A-2|Non-Targeting-7|Non-Targeting-8,1,0.0001771479185119575,306,0
APH1A-2|BRD4-1|SMARCD1-1,1,0.0001771479185119575,397,0
ATF4-1,42,0.007440212577502214,216.0,209.3135321996759
ATF4-1|BAZ1B-1,1,0.0001771479185119575,568,0
ATF4-1|CDKN3-2|ELOF1-1|Non-Targeting-8|SUZ12-2,2,0.000354295837023915,334.5,49.5
ATF4-1|UBE2N-2,1,0.0001771479185119575,24,0
ATF4-1|SUZ12-2,1,0.0001771479185119575,288,0
ATF4-1|PAIP2-1,1,0.0001771479185119575,178,0
ATF4-1|JUN-1|SNRNP70-1,1,0.0001771479185119575,194,0
ATF4-1|Non-Targeting-5,2,0.000354295837023915,1376.5,390.5
ATF4-1|Non-Targeting-8,2,0.000354295837023915,490.5,250.5
ATF4-1|ATF4-2,1,0.0001771479185119575,151,0
ATF4-1|EZH2-2,1,0.0001771479185119575,1187,0
ATF4-1|Non-Targeting-7,1,0.0001771479185119575,442,0
ATF4-1|DPP4-2,1,0.0001771479185119575,100,0
ATF4-1|CAMLG-2|CDKN3-2,1,0.0001771479185119575,97,0
ATF4-1|GSK3A-1,1,0.0001771479185119575,178,0
ATF4-1|KDM1A-1,1,0.0001771479185119575,960,0
ATF4-1|HRAS-2,1,0.0001771479185119575,318,0
ATF4-1|RBBP4-1|TMPRSS2-1,1,0.0001771479185119575,485,0
ATF4-1|CSNK2A1-2|DPP4-1|Non-Targeting-8|SUZ12-2,1,0.0001771479185119575,2445,0
ATF4-1|JUN-1,1,0.0001771479185119575,1531,0
ATF4-1|CTNNB1-1|Non-Targeting-8,1,0.0001771479185119575,333,0
ATF4-2,41,0.007263064658990257,118,124.2909216094525
ATF4-2|BRD4-1|BRD4-2|CAMLG-1|PPIB-1|TMPRSS2-1,2,0.000354295837023915,576.5,151.5
ATF4-2|DHX9-2|PPP2CA-1,1,0.0001771479185119575,390,0
ATF4-2|SUZ12-2,1,0.0001771479185119575,492,0
ATF4-2|CDKN3-2|HRAS-1|JUN-2,1,0.0001771479185119575,1590,0
ATF4-2|CAMLG-1|RBM25-2,1,0.0001771479185119575,340,0
ATF4-2|BRD4-1|Non-Targeting-7,2,0.000354295837023915,524.0,50.0
ATF4-2|H2AFY-1,1,0.0001771479185119575,1095,0
ATF4-2|BAZ1B-2|JUN-1,2,0.000354295837023915,442.0,72.0
ATF4-2|EZH2-1,1,0.0001771479185119575,347,0
ATF4-2|H2AFY-2|HDAC1-1|Non-Targeting-8,1,0.0001771479185119575,1232,0
ATF4-2|HDAC1-1|MORF4L1-2,1,0.0001771479185119575,182,0
ATF4-2|ELOF1-2|UBE2N-2,1,0.0001771479185119575,303,0
ATF4-2|BAZ1B-2|JUN-2,2,0.000354295837023915,652.5,110.5
ATF4-2|Non-Targeting-5,5,0.0008857395925597874,634,633.1049202146513
ATF4-2|CSNK2A1-2|Non-Targeting-7,1,0.0001771479185119575,476,0
ATF4-2|ELOF1-1|H2AFY-1|Non-Targeting-8,1,0.0001771479185119575,2277,0
ATF4-2|GRB2-1,1,0.0001771479185119575,914,0
ATF4-2|HDAC1-2,1,0.0001771479185119575,199,0
ATF4-2|SRPK1-2,1,0.0001771479185119575,61,0
ATF4-2|BRD4-2,1,0.0001771479185119575,249,0
ATF4-2|PPIB-1,2,0.000354295837023915,989.5,113.5
ATF4-2|BAZ1B-1|GSK3A-2|RAB1A-2,1,0.0001771479185119575,580,0
ATF4-2|BAZ1B-2|GSK3A-1,1,0.0001771479185119575,205,0
ATF4-2|CAMLG-1,1,0.0001771479185119575,116,0
ATF4-2|SNRNP40-1,1,0.0001771479185119575,528,0
ATF4-2|GSK3A-1,1,0.0001771479185119575,307,0
ATF4-2|EIF4EBP1-2,1,0.0001771479185119575,338,0
ATF4-2|CDKN3-2,1,0.0001771479185119575,684,0
BAZ1B-1,33,0.005845881310894597,333,232.18985060024283
BAZ1B-1|CSNK2A1-2|Non-Targeting-5|SET-2|SRPK1-2,2,0.000354295837023915,220.5,14.5
BAZ1B-1|H2AFY-2,1,0.0001771479185119575,305,0
BAZ1B-1|GSK3A-2,2,0.000354295837023915,377.5,37.5
BAZ1B-1|MBNL1-2|Non-Targeting-5|Non-Targeting-7,2,0.000354295837023915,182.0,25.0
BAZ1B-1|NOC2L-1,1,0.0001771479185119575,373,0
BAZ1B-1|CAMLG-1|MBNL1-1,1,0.0001771479185119575,248,0
BAZ1B-1|EZH2-1|Non-Targeting-8|PAIP2-2,2,0.000354295837023915,313.5,58.5
BAZ1B-1|EZR-2,1,0.0001771479185119575,1067,0
BAZ1B-1|CDKN3-1|GSK3A-1,1,0.0001771479185119575,592,0
BAZ1B-1|GRB2-2,1,0.0001771479185119575,598,0
BAZ1B-1|GRB2-1|KDM1A-1,1,0.0001771479185119575,321,0
BAZ1B-1|CAMLG-1,1,0.0001771479185119575,177,0
BAZ1B-1|CSNK2A1-2,1,0.0001771479185119575,408,0
BAZ1B-1|LMNA-2|Non-Targeting-8,1,0.0001771479185119575,1116,0
BAZ1B-1|Non-Targeting-7|TMPRSS2-1,1,0.0001771479185119575,453,0
BAZ1B-1|CAMLG-2|JUN-2|SUZ12-2,1,0.0001771479185119575,1114,0
BAZ1B-1|EIF4EBP1-2,1,0.0001771479185119575,493,0
BAZ1B-1|MBNL1-1|MORF4L1-2|Non-Targeting-5|Non-Targeting-8|SUZ12-2,1,0.0001771479185119575,1917,0
BAZ1B-2,42,0.007440212577502214,25.0,54.24319554597193
BAZ1B-2|Non-Targeting-8,2,0.000354295837023915,672.5,261.5
BAZ1B-2|SUZ12-1,1,0.0001771479185119575,76,0
BAZ1B-2|UBE2N-1,1,0.0001771479185119575,64,0
BAZ1B-2|PAIP2-2|PPIB-2|SRPK1-2,1,0.0001771479185119575,485,0
BAZ1B-2|CSNK2A1-1,1,0.0001771479185119575,124,0
BAZ1B-2|EZR-1|GSK3A-2|H2AFY-1|HRAS-2|Non-Targeting-7|RAB1A-2|SMARCD1-1,1,0.0001771479185119575,1117,0
BAZ1B-2|EZR-2,1,0.0001771479185119575,791,0
BAZ1B-2|RBM25-2,2,0.000354295837023915,149.0,34.0
BAZ1B-2|GSK3A-1|TMPRSS2-2,1,0.0001771479185119575,52,0
BAZ1B-2|TMPRSS2-2,1,0.0001771479185119575,54,0
BAZ1B-2|CDKN3-2,1,0.0001771479185119575,280,0
BAZ1B-2|GRB2-2,1,0.0001771479185119575,161,0
BAZ1B-2|KDM1A-2,1,0.0001771479185119575,578,0
BAZ1B-2|DPP4-1,1,0.0001771479185119575,67,0
BRD4-1|Non-Targeting-7,2,0.000354295837023915,417.0,284.0
BRD4-1,63,0.011160318866253321,76,88.45471060189163
BRD4-1|MBNL1-1,1,0.0001771479185119575,976,0
BRD4-1|RBM25-2,1,0.0001771479185119575,52,0
BRD4-1|EZH2-1|TRA2B-2,1,0.0001771479185119575,718,0
BRD4-1|JUN-1,1,0.0001771479185119575,301,0
BRD4-1|PPP2CA-1,2,0.000354295837023915,187.0,139.0
BRD4-1|DPP4-1|MBNL1-2|SUZ12-1,1,0.0001771479185119575,2185,0
BRD4-1|CAMLG-2|CSNK2A1-2|EIF4EBP1-2,1,0.0001771479185119575,980,0
BRD4-1|SET-2,1,0.0001771479185119575,635,0
BRD4-1|CSNK2A1-1,1,0.0001771479185119575,80,0
BRD4-1|EZR-2|SET-1,1,0.0001771479185119575,1494,0
BRD4-1|SRRT-1,1,0.0001771479185119575,151,0
BRD4-1|H2AFY-1,1,0.0001771479185119575,1415,0
BRD4-1|DPP4-1,2,0.000354295837023915,1017.0,495.0
BRD4-1|PAIP2-2,1,0.0001771479185119575,128,0
BRD4-1|EZR-1|PPP2CA-1|UBE2N-1,1,0.0001771479185119575,1103,0
BRD4-1|EZH2-2,1,0.0001771479185119575,1798,0
BRD4-1|CDKN3-2|EZH2-1|HRAS-1|LMNA-1|MBNL1-1,1,0.0001771479185119575,786,0
BRD4-1|CSNK2A1-2,1,0.0001771479185119575,70,0
BRD4-1|RBM25-1|TRA2B-2,1,0.0001771479185119575,250,0
BRD4-1|CAMLG-1,2,0.000354295837023915,215.0,30.0
BRD4-1|UBE2N-1,1,0.0001771479185119575,343,0
BRD4-1|MBNL1-1|SMARCD1-1,2,0.000354295837023915,253.0,90.0
BRD4-1|PPIB-1,2,0.000354295837023915,529.0,249.0
BRD4-1|H2AFY-2,1,0.0001771479185119575,187,0
BRD4-1|Non-Targeting-7|PPIB-1|SNRNP40-1|TMPRSS2-1,2,0.000354295837023915,369.5,52.5
BRD4-1|CDKN3-2|JUN-1,1,0.0001771479185119575,670,0
BRD4-1|ELOF1-2|HDAC1-1|PAIP2-2|PPIB-2,1,0.0001771479185119575,282,0
BRD4-1|EZR-1,1,0.0001771479185119575,219,0
BRD4-1|ELOF1-2,1,0.0001771479185119575,719,0
BRD4-1|CTNNB1-2|MBNL1-2,1,0.0001771479185119575,115,0
BRD4-1|SMARCD1-1,1,0.0001771479185119575,132,0
BRD4-1|TMPRSS2-1|UBE2N-2,1,0.0001771479185119575,409,0
BRD4-2,34,0.006023029229406555,355.0,258.38413404588835
BRD4-2|TMPRSS2-1,1,0.0001771479185119575,877,0
BRD4-2|Non-Targeting-5|PPIB-1,2,0.000354295837023915,510.5,73.5
BRD4-2|RBM25-2|SMARCD1-1,1,0.0001771479185119575,299,0
BRD4-2|CAMLG-1|Non-Targeting-7|PAIP2-2,1,0.0001771479185119575,320,0
BRD4-2|GRB2-2|RBBP4-2,1,0.0001771479185119575,179,0
BRD4-2|CSNK2A1-2,1,0.0001771479185119575,29,0
BRD4-2|EZH2-1|PPIB-1|RAB1A-2,1,0.0001771479185119575,1442,0
BRD4-2|PAIP2-2|PPP2CA-2,1,0.0001771479185119575,68,0
BRD4-2|SUZ12-2,1,0.0001771479185119575,196,0
BRD4-2|MBNL1-2|SMARCD1-2|SNRNP40-1,1,0.0001771479185119575,445,0
BRD4-2|Non-Targeting-8,2,0.000354295837023915,375.5,90.5
BRD4-2|SRPK1-2,1,0.0001771479185119575,298,0
BRD4-2|UBE2N-2,1,0.0001771479185119575,399,0
BRD4-2|CSNK2A1-2|TMPRSS2-1,1,0.0001771479185119575,57,0
BRD4-2|JUN-2|KDM1A-1,1,0.0001771479185119575,558,0
BRD4-2|Non-Targeting-5|RBM25-2|SMARCD1-1,1,0.0001771479185119575,568,0
BRD4-2|RBM25-2,1,0.0001771479185119575,770,0
BRD4-2|CTNNB1-2|KDM1A-2,1,0.0001771479185119575,1207,0
CAMLG-1|SRPK1-2,1,0.0001771479185119575,252,0
CAMLG-1,45,0.007971656333038087,50,77.54194723017287
CAMLG-1|UBE2N-2,2,0.000354295837023915,305.5,19.5
CAMLG-1|MBNL1-2,1,0.0001771479185119575,137,0
CAMLG-1|CDKN3-2,4,0.00070859167404783,285.0,209.9190320099633
CAMLG-1|DPP4-2|SRPK1-2,1,0.0001771479185119575,502,0
CAMLG-1|KDM1A-1,1,0.0001771479185119575,647,0
CAMLG-1|CSNK2A1-1,1,0.0001771479185119575,321,0
CAMLG-1|EZH2-1|JUN-1,1,0.0001771479185119575,1162,0
CAMLG-1|Non-Targeting-5|TPR-2,1,0.0001771479185119575,1226,0
CAMLG-1|ELOF1-1,1,0.0001771479185119575,1522,0
CAMLG-1|ELOF1-2|JUN-2|PAIP2-2,1,0.0001771479185119575,167,0
CAMLG-1|CTNNB1-1,1,0.0001771479185119575,284,0
CAMLG-1|UBE2N-1,1,0.0001771479185119575,191,0
CAMLG-1|JUN-2,1,0.0001771479185119575,151,0
CAMLG-1|CSNK2A1-2,1,0.0001771479185119575,107,0
CAMLG-1|SMARCD1-1,1,0.0001771479185119575,48,0
CAMLG-1|ELOF1-2|SMARCD1-1,1,0.0001771479185119575,469,0
CAMLG-1|GRB2-2|GSK3A-1|MBNL1-1,1,0.0001771479185119575,906,0
CAMLG-1|JUN-1|SNRNP40-1,1,0.0001771479185119575,307,0
CAMLG-1|CDKN3-1|ELOF1-2|JUN-2|PAIP2-2,1,0.0001771479185119575,287,0
CAMLG-1|CAMLG-2|RBBP4-1,1,0.0001771479185119575,364,0
CAMLG-1|CTNNB1-1|RBM25-2|TPR-1,1,0.0001771479185119575,1231,0
CAMLG-1|ELOF1-2,1,0.0001771479185119575,488,0
CAMLG-1|ELOF1-1|UBXN1-2,1,0.0001771479185119575,1006,0
CAMLG-1|GRB2-1,1,0.0001771479185119575,315,0
CAMLG-1|GRB2-2|Non-Targeting-7|SNRNP40-2,1,0.0001771479185119575,515,0
CAMLG-1|DPP4-1|Non-Targeting-7,1,0.0001771479185119575,942,0
CAMLG-2,22,0.0038972542072630645,328.0,242.37736099719987
CAMLG-2|MBNL1-1,1,0.0001771479185119575,137,0
CAMLG-2|EIF4EBP1-1,1,0.0001771479185119575,842,0
CAMLG-2|CSNK2A1-2|JUN-1|SET-2|SNRNP70-1|SUZ12-2,1,0.0001771479185119575,891,0
CAMLG-2|SRPK1-2|SUZ12-2,1,0.0001771479185119575,573,0
CAMLG-2|CSNK2A1-2|JUN-1|Non-Targeting-8|PAIP2-1|PAIP2-2,1,0.0001771479185119575,582,0
CAMLG-2|Non-Targeting-5|RAB1A-3|UBE2N-1,1,0.0001771479185119575,625,0
CAMLG-2|Non-Targeting-8,2,0.000354295837023915,631.5,273.5
CAMLG-2|TPR-1,1,0.0001771479185119575,131,0
CAMLG-2|GRB2-1,1,0.0001771479185119575,116,0
CAMLG-2|PPIB-2,1,0.0001771479185119575,189,0
CAMLG-2|EZR-1|JUN-1,1,0.0001771479185119575,1351,0
CAMLG-2|GSK3A-1|JUN-1|SET-1,1,0.0001771479185119575,311,0
CAMLG-2|RBBP4-2,1,0.0001771479185119575,201,0
CAMLG-2|HDAC1-1,1,0.0001771479185119575,119,0
CAMLG-2|GRB2-2,1,0.0001771479185119575,166,0
CAMLG-2|CTNNB1-1|Non-Targeting-7|PAIP2-1|SUZ12-2,1,0.0001771479185119575,2906,0
CDKN3-1|JUN-1,1,0.0001771479185119575,560,0
CDKN3-1|HDAC1-2|Non-Targeting-5|RBM25-2,1,0.0001771479185119575,531,0
CDKN3-1,36,0.006377325066430469,591.5,445.35853915139177
CDKN3-1|GSK3A-2,1,0.0001771479185119575,1007,0
CDKN3-1|Non-Targeting-8,1,0.0001771479185119575,1139,0
CDKN3-1|CDKN3-2,1,0.0001771479185119575,48,0
CDKN3-1|EZH2-1,1,0.0001771479185119575,2187,0
CDKN3-1|EZR-1,1,0.0001771479185119575,1080,0
CDKN3-1|H2AFY-2,1,0.0001771479185119575,1028,0
CDKN3-1|Non-Targeting-7,1,0.0001771479185119575,739,0
CDKN3-1|TRA2B-2,1,0.0001771479185119575,699,0
CDKN3-1|DPP4-1|EZR-1,1,0.0001771479185119575,1685,0
CDKN3-1|CTNNB1-1,1,0.0001771479185119575,1660,0
CDKN3-1|Non-Targeting-7|Non-Targeting-8,1,0.0001771479185119575,916,0
CDKN3-1|EIF4EBP1-1,1,0.0001771479185119575,382,0
CDKN3-2,51,0.009034543844109831,323,396.90367726603034
CDKN3-2|RBBP4-2,1,0.0001771479185119575,1157,0
CDKN3-2|CTNNB1-1|JUN-2,2,0.000354295837023915,833.5,88.5
CDKN3-2|JUN-2|Non-Targeting-7,1,0.0001771479185119575,1132,0
CDKN3-2|H2AFY-2,1,0.0001771479185119575,1124,0
CDKN3-2|EZR-1|PPP2CA-1,1,0.0001771479185119575,249,0
CDKN3-2|MORF4L1-2,1,0.0001771479185119575,225,0
CDKN3-2|EZR-2,1,0.0001771479185119575,569,0
CDKN3-2|Non-Targeting-5|TMPRSS2-1,1,0.0001771479185119575,448,0
CDKN3-2|GRB2-2,1,0.0001771479185119575,379,0
CDKN3-2|SET-2,2,0.000354295837023915,1380.5,226.5
CDKN3-2|UBXN1-1,1,0.0001771479185119575,320,0
CDKN3-2|NOC2L-2,2,0.000354295837023915,322.0,72.0
CDKN3-2|SRPK1-2,1,0.0001771479185119575,579,0
CDKN3-2|JUN-2,2,0.000354295837023915,92.0,38.0
CDKN3-2|EZR-1,1,0.0001771479185119575,590,0
CDKN3-2|LMNA-1,1,0.0001771479185119575,679,0
CDKN3-2|CTNNB1-2|RBM25-1,1,0.0001771479185119575,542,0
CDKN3-2|CSNK2A1-1,2,0.000354295837023915,531.0,97.0
CDKN3-2|EZH2-2,1,0.0001771479185119575,1364,0
CDKN3-2|EZR-1|Non-Targeting-5,1,0.0001771479185119575,1503,0
CDKN3-2|CSNK2A1-1|EZR-1|PPP2CA-1,1,0.0001771479185119575,396,0
CDKN3-2|DPP4-1,1,0.0001771479185119575,880,0
CDKN3-2|UBE2N-2,1,0.0001771479185119575,535,0
CDKN3-2|Non-Targeting-5,3,0.0005314437555358724,741,113.6515141415488
CDKN3-2|GSK3A-2,1,0.0001771479185119575,1124,0
CDKN3-2|RBBP4-1,1,0.0001771479185119575,468,0
CSNK2A1-1,24,0.004251550044286979,69.0,51.12320018565174
CSNK2A1-1|GSK3A-1|TPR-1,1,0.0001771479185119575,1151,0
CSNK2A1-1|EZH2-1,1,0.0001771479185119575,437,0
CSNK2A1-1|HRAS-1,2,0.000354295837023915,88.5,30.5
CSNK2A1-1|H2AFY-1,1,0.0001771479185119575,1135,0
CSNK2A1-1|H2AFY-1|PPIB-1,1,0.0001771479185119575,3228,0
CSNK2A1-1|EZR-2,1,0.0001771479185119575,2603,0
CSNK2A1-1|Non-Targeting-7,1,0.0001771479185119575,234,0
CSNK2A1-1|EZR-1|GSK3A-2|TMPRSS2-2,1,0.0001771479185119575,177,0
CSNK2A1-2|GRB2-1,1,0.0001771479185119575,424,0
CSNK2A1-2,65,0.011514614703277236,37,43.141665633230566
CSNK2A1-2|GSK3A-1,1,0.0001771479185119575,338,0
CSNK2A1-2|HRAS-1|TRA2B-2,1,0.0001771479185119575,109,0
CSNK2A1-2|Non-Targeting-5|SUZ12-1|TRA2B-1,1,0.0001771479185119575,814,0
CSNK2A1-2|TRA2B-2,1,0.0001771479185119575,88,0
CSNK2A1-2|MBNL1-2|Non-Targeting-5|SET-1|UBE2N-2,1,0.0001771479185119575,1706,0
CSNK2A1-2|EIF4EBP1-1|EZH2-2|SMARCD1-1,1,0.0001771479185119575,450,0
CSNK2A1-2|HDAC1-2|TMPRSS2-2,1,0.0001771479185119575,2216,0
CSNK2A1-2|SMARCD1-1,3,0.0005314437555358724,98,71.82076456166574
CSNK2A1-2|JUN-2|Non-Targeting-5,1,0.0001771479185119575,513,0
CSNK2A1-2|PPP2CA-1,1,0.0001771479185119575,483,0
CSNK2A1-2|Non-Targeting-5,2,0.000354295837023915,304.5,32.5
CSNK2A1-2|Non-Targeting-5|SMARCD1-2|UBE2N-2,1,0.0001771479185119575,129,0
CSNK2A1-2|MORF4L1-1,1,0.0001771479185119575,45,0
CSNK2A1-2|MORF4L1-2,2,0.000354295837023915,101.0,40.0
CSNK2A1-2|JUN-2,1,0.0001771479185119575,214,0
CSNK2A1-2|ELOF1-1,1,0.0001771479185119575,437,0
CSNK2A1-2|SRPK1-2,1,0.0001771479185119575,179,0
CSNK2A1-2|EIF4EBP1-1,1,0.0001771479185119575,295,0
CSNK2A1-2|HDAC1-1,1,0.0001771479185119575,58,0
CSNK2A1-2|NOC2L-2,1,0.0001771479185119575,154,0
CSNK2A1-2|PAIP2-2,1,0.0001771479185119575,442,0
CSNK2A1-2|Non-Targeting-7,1,0.0001771479185119575,690,0
CTCF-1,1,0.0001771479185119575,4,0
CTCF-2,13,0.0023029229406554474,27,19.24399545174405
CTCF-2|SMARCD1-2,1,0.0001771479185119575,340,0
CTCF-2|HDAC1-1,1,0.0001771479185119575,34,0
CTCF-2|PPIB-2,1,0.0001771479185119575,229,0
CTCF-2|EZR-1|Non-Targeting-8,1,0.0001771479185119575,190,0
CTCF-2|JUN-2,1,0.0001771479185119575,506,0
CTCF-2|NOC2L-2,1,0.0001771479185119575,20,0
CTNNB1-1|KDM1A-1,1,0.0001771479185119575,1904,0
CTNNB1-1,21,0.003720106288751107,542,618.9732885777779
CTNNB1-1|DPP4-1,1,0.0001771479185119575,1071,0
CTNNB1-1|EIF4EBP1-2|EZH2-1|MBNL1-1,1,0.0001771479185119575,2162,0
CTNNB1-1|H2AFY-1,1,0.0001771479185119575,396,0
CTNNB1-1|EIF4EBP1-1|ELOF1-1|SET-2,1,0.0001771479185119575,1350,0
CTNNB1-1|Non-Targeting-5|TPR-2,1,0.0001771479185119575,856,0
CTNNB1-1|DPP4-1|Non-Targeting-7,1,0.0001771479185119575,2305,0
CTNNB1-1|GRB2-2|HDAC1-2,1,0.0001771479185119575,700,0
CTNNB1-1|Non-Targeting-7,1,0.0001771479185119575,1856,0
CTNNB1-1|GSK3A-1,1,0.0001771479185119575,1394,0
CTNNB1-1|EZR-2,1,0.0001771479185119575,1373,0
CTNNB1-1|EZH2-2|PAIP2-2,1,0.0001771479185119575,504,0
CTNNB1-2,6,0.0010628875110717448,147.5,62.54243004197675
CTNNB1-2|ELOF1-2,1,0.0001771479185119575,344,0
CTNNB1-2|SUZ12-2,2,0.000354295837023915,51.0,1.0
CTNNB1-2|PPIB-2,1,0.0001771479185119575,314,0
CTNNB1-2|LMNA-2,1,0.0001771479185119575,347,0
DHX9-1,10,0.001771479185119575,103.0,210.98580520973442
DHX9-1|HDAC1-2,1,0.0001771479185119575,1161,0
DHX9-1|RBBP4-1,1,0.0001771479185119575,355,0
DHX9-1|Non-Targeting-7,1,0.0001771479185119575,109,0
DHX9-1|H2AFY-1,1,0.0001771479185119575,744,0
DHX9-1|EIF4EBP1-1|SNRNP40-1,1,0.0001771479185119575,1182,0
DHX9-1|Non-Targeting-8,1,0.0001771479185119575,44,0
DHX9-2|RBBP4-1|TPR-1,1,0.0001771479185119575,45,0
DHX9-2|MBNL1-2,1,0.0001771479185119575,148,0
DHX9-2,5,0.0008857395925597874,262,93.60982854380195
DHX9-2|Non-Targeting-8,2,0.000354295837023915,358.5,250.5
DHX9-2|GRB2-2|HDAC1-1|RBBP4-1,1,0.0001771479185119575,539,0
DHX9-2|Non-Targeting-5|PPIB-1,1,0.0001771479185119575,473,0
DHX9-2|MBNL1-1,1,0.0001771479185119575,173,0
DPP4-1,76,0.013463241806908768,331.5,351.91432037506166
DPP4-1|SNRNP70-1,1,0.0001771479185119575,1514,0
DPP4-1|RBBP4-2,1,0.0001771479185119575,775,0
DPP4-1|RBBP4-1|UBE2N-2,1,0.0001771479185119575,724,0
DPP4-1|EIF4EBP1-1|Non-Targeting-7|RAB1A-2,1,0.0001771479185119575,848,0
DPP4-1|PAIP2-2|PPIB-1,1,0.0001771479185119575,548,0
DPP4-1|UBE2N-1,1,0.0001771479185119575,688,0
DPP4-1|GRB2-2,2,0.000354295837023915,210.5,25.5
DPP4-1|ELOF1-1|HDAC1-2,1,0.0001771479185119575,1605,0
DPP4-1|H2AFY-1,1,0.0001771479185119575,1283,0
DPP4-1|ELOF1-2|EZR-1|Non-Targeting-5,1,0.0001771479185119575,1179,0
DPP4-1|GSK3A-1,1,0.0001771479185119575,1869,0
DPP4-1|PAIP2-2,1,0.0001771479185119575,252,0
DPP4-1|GRB2-1,1,0.0001771479185119575,246,0
DPP4-1|ELOF1-2|H2AFY-1|LMNA-2,2,0.000354295837023915,3526.0,1541.0
DPP4-1|GSK3A-2,1,0.0001771479185119575,1548,0
DPP4-1|Non-Targeting-8,1,0.0001771479185119575,938,0
DPP4-1|TMPRSS2-1,1,0.0001771479185119575,404,0
DPP4-1|EZR-1|UBE2N-1,1,0.0001771479185119575,129,0
DPP4-1|EIF4EBP1-2|RBM25-2,1,0.0001771479185119575,649,0
DPP4-1|GSK3A-2|SMARCD1-2,1,0.0001771479185119575,297,0
DPP4-1|MBNL1-1,1,0.0001771479185119575,195,0
DPP4-1|JUN-2,1,0.0001771479185119575,386,0
DPP4-1|Non-Targeting-7,1,0.0001771479185119575,2036,0
DPP4-1|SUZ12-2,2,0.000354295837023915,302.0,5.0
DPP4-1|SRRT-1,1,0.0001771479185119575,592,0
DPP4-1|LMNA-2,1,0.0001771479185119575,1969,0
DPP4-1|LMNA-1,1,0.0001771479185119575,461,0
DPP4-2,21,0.003720106288751107,246,137.22345515250274
DPP4-2|HRAS-1,2,0.000354295837023915,156.5,23.5
DPP4-2|H2AFY-1,1,0.0001771479185119575,829,0
DPP4-2|PPIB-1,1,0.0001771479185119575,1179,0
DPP4-2|MBNL1-1,2,0.000354295837023915,440.5,127.5
DPP4-2|ELOF1-1|ELOF1-2,1,0.0001771479185119575,2604,0
DPP4-2|GSK3A-1,1,0.0001771479185119575,1587,0
DPP4-2|SUZ12-2,1,0.0001771479185119575,215,0
DPP4-2|EZR-2,1,0.0001771479185119575,611,0
DPP4-2|Non-Targeting-5,2,0.000354295837023915,98.5,30.5
DPP4-2|TMPRSS2-1,1,0.0001771479185119575,133,0
DPP4-2|GRB2-2,2,0.000354295837023915,366.0,2.0
DPP4-2|SET-2,1,0.0001771479185119575,292,0
DPP4-2|EIF4EBP1-1|MBNL1-1,1,0.0001771479185119575,424,0
EIF4EBP1-1,23,0.004074402125775022,240,152.45882644771586
EIF4EBP1-1|H2AFY-1,1,0.0001771479185119575,865,0
EIF4EBP1-1|MORF4L1-2,1,0.0001771479185119575,581,0
EIF4EBP1-1|SRRT-2,1,0.0001771479185119575,302,0
EIF4EBP1-1|Non-Targeting-5|Non-Targeting-7|PPIB-1,1,0.0001771479185119575,708,0
EIF4EBP1-1|GSK3A-1|SUZ12-2,1,0.0001771479185119575,1607,0
EIF4EBP1-1|UBE2N-2,1,0.0001771479185119575,637,0
EIF4EBP1-1|Non-Targeting-7,1,0.0001771479185119575,185,0
EIF4EBP1-1|SET-1,1,0.0001771479185119575,619,0
EIF4EBP1-1|ELOF1-2,1,0.0001771479185119575,360,0
EIF4EBP1-1|GRB2-1,1,0.0001771479185119575,780,0
EIF4EBP1-1|ELOF1-1,1,0.0001771479185119575,734,0
EIF4EBP1-1|Non-Targeting-7|RAB1A-2,1,0.0001771479185119575,1413,0
EIF4EBP1-1|SRPK1-2,1,0.0001771479185119575,524,0
EIF4EBP1-2,47,0.008325952170062002,188,234.51195287971694
EIF4EBP1-2|GRB2-2,1,0.0001771479185119575,804,0
EIF4EBP1-2|PAIP2-1,1,0.0001771479185119575,965,0
EIF4EBP1-2|GSK3A-2,2,0.000354295837023915,118.0,1.0
EIF4EBP1-2|GSK3A-1,1,0.0001771479185119575,602,0
EIF4EBP1-2|SNRNP40-1,1,0.0001771479185119575,824,0
EIF4EBP1-2|PPIB-1|RBBP4-2,1,0.0001771479185119575,178,0
EIF4EBP1-2|JUN-2,2,0.000354295837023915,48.5,0.5
EIF4EBP1-2|EZH2-2,2,0.000354295837023915,185.0,63.0
EIF4EBP1-2|Non-Targeting-5|TMPRSS2-1|UBE2N-2,1,0.0001771479185119575,180,0
EIF4EBP1-2|RBBP4-1,1,0.0001771479185119575,405,0
EIF4EBP1-2|NOC2L-2,1,0.0001771479185119575,192,0
EIF4EBP1-2|PPIB-1,1,0.0001771479185119575,638,0
EIF4EBP1-2|EZH2-2|MORF4L1-2,1,0.0001771479185119575,2126,0
EIF4EBP1-2|Non-Targeting-8,1,0.0001771479185119575,706,0
EIF4EBP1-2|H2AFY-1|RBM25-2,1,0.0001771479185119575,271,0
EIF4EBP1-2|HDAC1-1,1,0.0001771479185119575,329,0
EIF4EBP1-2|Non-Targeting-7|Non-Targeting-8,1,0.0001771479185119575,1254,0
ELOF1-1,64,0.01133746678476528,883.0,527.6885474643163
ELOF1-1|HRAS-2,1,0.0001771479185119575,1164,0
ELOF1-1|Non-Targeting-8,1,0.0001771479185119575,2756,0
ELOF1-1|SRPK1-2,2,0.000354295837023915,311.0,13.0
ELOF1-1|KDM1A-1,3,0.0005314437555358724,1313,229.93380690006322
ELOF1-1|GSK3A-2,1,0.0001771479185119575,227,0
ELOF1-1|H2AFY-2|HRAS-2|MORF4L1-1,2,0.000354295837023915,474.5,230.5
ELOF1-1|MBNL1-1|Non-Targeting-7,1,0.0001771479185119575,356,0
ELOF1-1|Non-Targeting-7,5,0.0008857395925597874,917,510.7392289613164
ELOF1-1|RAB1A-2|RAB1A-3,1,0.0001771479185119575,1242,0
ELOF1-1|MORF4L1-1,1,0.0001771479185119575,1126,0
ELOF1-1|JUN-1,1,0.0001771479185119575,570,0
ELOF1-1|PAIP2-2,2,0.000354295837023915,1605.0,759.0
ELOF1-1|PAIP2-1,1,0.0001771479185119575,126,0
ELOF1-1|SET-1,1,0.0001771479185119575,2687,0
ELOF1-1|SMARCD1-1,1,0.0001771479185119575,1341,0
ELOF1-1|GSK3A-1,1,0.0001771479185119575,404,0
ELOF1-1|Non-Targeting-8|TMPRSS2-2,1,0.0001771479185119575,767,0
ELOF1-1|MBNL1-1,2,0.000354295837023915,2151.0,814.0
ELOF1-1|PPIB-2,1,0.0001771479185119575,168,0
ELOF1-1|LMNA-2|Non-Targeting-8,1,0.0001771479185119575,931,0
ELOF1-1|Non-Targeting-5,1,0.0001771479185119575,246,0
ELOF1-1|SRPK1-1,1,0.0001771479185119575,1718,0
ELOF1-1|Non-Targeting-5|PPP2CA-2|TMPRSS2-1,1,0.0001771479185119575,1589,0
ELOF1-2,63,0.011160318866253321,212,173.5342431190324
ELOF1-2|MBNL1-1,1,0.0001771479185119575,266,0
ELOF1-2|SUZ12-2,2,0.000354295837023915,207.0,59.0
ELOF1-2|GSK3A-2,3,0.0005314437555358724,312,329.27226154388137
ELOF1-2|KDM1A-1,1,0.0001771479185119575,772,0
ELOF1-2|EZH2-1|GSK3A-1,2,0.000354295837023915,245.5,50.5
ELOF1-2|MBNL1-2,1,0.0001771479185119575,428,0
ELOF1-2|SMARCD1-2,1,0.0001771479185119575,210,0
ELOF1-2|Non-Targeting-5|PPIB-2,1,0.0001771479185119575,817,0
ELOF1-2|HDAC1-2|TRA2B-2,1,0.0001771479185119575,1214,0
ELOF1-2|GSK3A-1|JUN-1|PPIB-1|TMPRSS2-1,1,0.0001771479185119575,685,0
ELOF1-2|HDAC1-2,1,0.0001771479185119575,1188,0
ELOF1-2|SMARCD1-1,2,0.000354295837023915,234.0,177.0
ELOF1-2|H2AFY-2|RAB1A-3|SRPK1-2,1,0.0001771479185119575,331,0
ELOF1-2|SET-1,2,0.000354295837023915,1795.5,7.5
ELOF1-2|HDAC1-1,1,0.0001771479185119575,74,0
ELOF1-2|RBM25-2|SUZ12-2,1,0.0001771479185119575,233,0
ELOF1-2|H2AFY-1,1,0.0001771479185119575,1334,0
ELOF1-2|PPIB-1,1,0.0001771479185119575,144,0
ELOF1-2|TRA2B-1,1,0.0001771479185119575,463,0
ELOF1-2|Non-Targeting-8,1,0.0001771479185119575,429,0
EZH2-1,71,0.012577502214348982,400,335.73656084206016
EZH2-1|Non-Targeting-8|SUZ12-1,1,0.0001771479185119575,926,0
EZH2-1|GRB2-2|HDAC1-1,1,0.0001771479185119575,2211,0
EZH2-1|HDAC1-1|HDAC1-2,2,0.000354295837023915,1368.0,376.0
EZH2-1|SMARCD1-1,1,0.0001771479185119575,654,0
EZH2-1|Non-Targeting-5,2,0.000354295837023915,405.0,29.0
EZH2-1|KDM1A-1,1,0.0001771479185119575,1226,0
EZH2-1|LMNA-2,1,0.0001771479185119575,2830,0
EZH2-1|JUN-2,2,0.000354295837023915,276.0,208.0
EZH2-1|Non-Targeting-8,2,0.000354295837023915,567.0,368.0
EZH2-1|JUN-2|TRA2B-2,1,0.0001771479185119575,1674,0
EZH2-1|PAIP2-1,1,0.0001771479185119575,387,0
EZH2-1|SET-1,1,0.0001771479185119575,101,0
EZH2-1|GSK3A-1,1,0.0001771479185119575,2027,0
EZH2-1|H2AFY-1,1,0.0001771479185119575,243,0
EZH2-1|RAB1A-2|SNRNP40-1,1,0.0001771479185119575,2643,0
EZH2-1|Non-Targeting-7,1,0.0001771479185119575,1961,0
EZH2-2,42,0.007440212577502214,369.0,320.37925725727877
EZH2-2|Non-Targeting-5,4,0.00070859167404783,740.0,161.25968963135207
EZH2-2|PPIB-1,3,0.0005314437555358724,956,242.98696810048614
EZH2-2|GRB2-1,1,0.0001771479185119575,1422,0
EZH2-2|TMPRSS2-2,1,0.0001771479185119575,493,0
EZH2-2|SNRNP40-1,2,0.000354295837023915,239.5,118.5
EZH2-2|H2AFY-1|PPIB-2,1,0.0001771479185119575,833,0
EZH2-2|Non-Targeting-8|UBXN1-2,1,0.0001771479185119575,2103,0
EZH2-2|MORF4L1-1|UBXN1-2,1,0.0001771479185119575,671,0
EZH2-2|GSK3A-1,2,0.000354295837023915,762.0,290.0
EZR-1,38,0.006731620903454384,172.0,237.12593081253664
EZR-1|Non-Targeting-5,1,0.0001771479185119575,520,0
EZR-1|UBE2N-2,1,0.0001771479185119575,1061,0
EZR-1|SMARCD1-1,2,0.000354295837023915,181.0,83.0
EZR-1|JUN-1,1,0.0001771479185119575,1574,0
EZR-1|GRB2-1,1,0.0001771479185119575,227,0
EZR-1|HRAS-2,1,0.0001771479185119575,100,0
EZR-1|Non-Targeting-8,1,0.0001771479185119575,279,0
EZR-1|GSK3A-1,1,0.0001771479185119575,552,0
EZR-1|SMARCD1-2,1,0.0001771479185119575,92,0
EZR-1|SRPK1-2,1,0.0001771479185119575,189,0
EZR-1|HDAC1-1,1,0.0001771479185119575,192,0
EZR-1|SRPK1-2|SUZ12-2,1,0.0001771479185119575,359,0
EZR-1|RBBP4-1,1,0.0001771479185119575,66,0
EZR-1|KDM1A-1|KDM1A-2|Non-Targeting-7,1,0.0001771479185119575,341,0
EZR-2,33,0.005845881310894597,382,444.671819019303
EZR-2|TRA2B-2,1,0.0001771479185119575,527,0
EZR-2|TMPRSS2-1,1,0.0001771479185119575,446,0
EZR-2|GRB2-1,1,0.0001771479185119575,728,0
EZR-2|UBE2N-2,2,0.000354295837023915,651.0,455.0
EZR-2|RBBP4-2,1,0.0001771479185119575,662,0
EZR-2|PPIB-1,1,0.0001771479185119575,287,0
EZR-2|SRPK1-1,1,0.0001771479185119575,33,0
EZR-2|SNRNP40-1,1,0.0001771479185119575,1827,0
EZR-2|JUN-1|UBE2N-2,1,0.0001771479185119575,903,0
EZR-2|PPIB-2|TMPRSS2-2,1,0.0001771479185119575,217,0
EZR-2|GSK3A-1|SRRT-1,1,0.0001771479185119575,344,0
EZR-2|GRB2-1|Non-Targeting-5|SNRNP40-1,1,0.0001771479185119575,1092,0
EZR-2|PAIP2-2,2,0.000354295837023915,233.0,13.0
EZR-2|RBBP4-1,1,0.0001771479185119575,1074,0
EZR-2|GRB2-2|TMPRSS2-2,1,0.0001771479185119575,886,0
EZR-2|KDM1A-1|MBNL1-2,1,0.0001771479185119575,1541,0
EZR-2|RAB1A-2|TRA2B-1|UBE2N-2,1,0.0001771479185119575,544,0
GRB2-1|SNRNP40-1,3,0.0005314437555358724,545,243.48351529872042
GRB2-1,42,0.007440212577502214,232.0,211.0976402492952
GRB2-1|GSK3A-2,1,0.0001771479185119575,465,0
GRB2-1|SMARCD1-1|SRPK1-1|SUZ12-2,1,0.0001771479185119575,186,0
GRB2-1|Non-Targeting-7,1,0.0001771479185119575,710,0
GRB2-1|GRB2-2|H2AFY-2|TMPRSS2-2,1,0.0001771479185119575,114,0
GRB2-1|PPIB-2,2,0.000354295837023915,278.0,177.0
GRB2-1|H2AFY-1,1,0.0001771479185119575,265,0
GRB2-1|SMARCD1-1|SNRNP40-1,1,0.0001771479185119575,196,0
GRB2-1|HDAC1-2,1,0.0001771479185119575,372,0
GRB2-1|MBNL1-2,1,0.0001771479185119575,366,0
GRB2-2,25,0.0044286979627989375,317,230.73088739915167
GRB2-2|SNRNP40-1,2,0.000354295837023915,288.5,226.5
GRB2-2|PPP2CA-2,1,0.0001771479185119575,731,0
GRB2-2|PAIP2-2,1,0.0001771479185119575,580,0
GRB2-2|RBM25-2,1,0.0001771479185119575,38,0
GRB2-2|JUN-2,1,0.0001771479185119575,511,0
GSK3A-1|TPR-1,2,0.000354295837023915,376.0,197.0
GSK3A-1,74,0.013108945969884853,357.5,299.8017557794552
GSK3A-1|JUN-2,4,0.00070859167404783,727.0,431.0587981934715
GSK3A-1|Non-Targeting-8,2,0.000354295837023915,1035.5,83.5
GSK3A-1|HDAC1-2|Non-Targeting-8,1,0.0001771479185119575,570,0
GSK3A-1|HRAS-2,1,0.0001771479185119575,444,0
GSK3A-1|GSK3A-2,1,0.0001771479185119575,1105,0
GSK3A-1|PPIB-2,2,0.000354295837023915,582.0,19.0
GSK3A-1|UBXN1-1,1,0.0001771479185119575,1016,0
GSK3A-1|PPP2CA-2,1,0.0001771479185119575,1302,0
GSK3A-1|H2AFY-2,1,0.0001771479185119575,366,0
GSK3A-1|SMARCD1-1,1,0.0001771479185119575,497,0
GSK3A-1|MBNL1-1,1,0.0001771479185119575,209,0
GSK3A-1|PAIP2-1,1,0.0001771479185119575,1351,0
GSK3A-1|TMPRSS2-1,2,0.000354295837023915,98.5,8.5
GSK3A-1|H2AFY-2|Non-Targeting-5|Non-Targeting-8|RBM25-2,1,0.0001771479185119575,876,0
GSK3A-1|RAB1A-2,1,0.0001771479185119575,363,0
GSK3A-1|PAIP2-1|SNRNP40-1,1,0.0001771479185119575,1649,0
GSK3A-1|UBE2N-1,1,0.0001771479185119575,1121,0
GSK3A-2|TMPRSS2-2,1,0.0001771479185119575,373,0
GSK3A-2|Non-Targeting-8,2,0.000354295837023915,361.5,23.5
GSK3A-2,61,0.010806023029229407,147,205.08662441803486
GSK3A-2|UBXN1-2,1,0.0001771479185119575,720,0
GSK3A-2|PPIB-2,2,0.000354295837023915,72.0,1.0
GSK3A-2|UBE2N-2,1,0.0001771479185119575,310,0
GSK3A-2|Non-Targeting-5,2,0.000354295837023915,461.5,143.5
GSK3A-2|Non-Targeting-7|RBBP4-1,1,0.0001771479185119575,316,0
GSK3A-2|SMARCD1-2,1,0.0001771479185119575,188,0
GSK3A-2|SUZ12-2,1,0.0001771479185119575,196,0
GSK3A-2|KDM1A-1,1,0.0001771479185119575,151,0
GSK3A-2|SET-1,1,0.0001771479185119575,3442,0
GSK3A-2|SMARCD1-1,1,0.0001771479185119575,126,0
GSK3A-2|JUN-2,2,0.000354295837023915,179.5,28.5
GSK3A-2|RAB1A-2,1,0.0001771479185119575,51,0
GSK3A-2|TMPRSS2-1,1,0.0001771479185119575,336,0
GSK3A-2|PPIB-1,1,0.0001771479185119575,329,0
GSK3A-2|HDAC1-2,1,0.0001771479185119575,1156,0
GSK3A-2|SNRNP40-1,2,0.000354295837023915,644.5,245.5
H2AFY-1|Non-Targeting-7,1,0.0001771479185119575,2290,0
H2AFY-1,37,0.006554472984942427,875,526.4908193950124
H2AFY-1|SET-1,1,0.0001771479185119575,1768,0
H2AFY-1|JUN-2|MBNL1-1,1,0.0001771479185119575,1937,0
H2AFY-1|SMARCD1-1,1,0.0001771479185119575,476,0
H2AFY-1|RBBP4-1,1,0.0001771479185119575,397,0
H2AFY-1|MORF4L1-1,2,0.000354295837023915,712.0,338.0
H2AFY-1|TMPRSS2-1,1,0.0001771479185119575,945,0
H2AFY-1|HRAS-1,1,0.0001771479185119575,730,0
H2AFY-2,40,0.0070859167404783,245.0,187.88805011229425
H2AFY-2|MBNL1-2,1,0.0001771479185119575,701,0
H2AFY-2|SMARCD1-1|UBE2N-2,1,0.0001771479185119575,1292,0
H2AFY-2|TRA2B-1,1,0.0001771479185119575,428,0
H2AFY-2|MORF4L1-2,1,0.0001771479185119575,511,0
H2AFY-2|RBBP4-1,1,0.0001771479185119575,514,0
HDAC1-1,24,0.004251550044286979,7.5,14.665660476849387
HDAC1-1|SNRNP40-2,1,0.0001771479185119575,233,0
HDAC1-1|SUZ12-1|TMPRSS2-2,1,0.0001771479185119575,683,0
HDAC1-1|MBNL1-1,1,0.0001771479185119575,427,0
HDAC1-1|Non-Targeting-5,1,0.0001771479185119575,583,0
HDAC1-1|KDM1A-1,1,0.0001771479185119575,267,0
HDAC1-1|Non-Targeting-7,1,0.0001771479185119575,349,0
HDAC1-1|JUN-1,1,0.0001771479185119575,82,0
HDAC1-1|MORF4L1-2|Non-Targeting-5,1,0.0001771479185119575,439,0
HDAC1-1|SET-2,1,0.0001771479185119575,182,0
HDAC1-2,33,0.005845881310894597,442,618.1317775349612
HDAC1-2|JUN-2,1,0.0001771479185119575,635,0
HDAC1-2|SRPK1-2,1,0.0001771479185119575,732,0
HDAC1-2|Non-Targeting-5|UBE2N-2,1,0.0001771479185119575,742,0
HDAC1-2|UBXN1-2,1,0.0001771479185119575,482,0
HDAC1-2|TRA2B-2,1,0.0001771479185119575,865,0
HDAC1-2|TMPRSS2-1,1,0.0001771479185119575,2170,0
HDAC1-2|RAB1A-3,1,0.0001771479185119575,989,0
HDAC1-2|Non-Targeting-5,1,0.0001771479185119575,801,0
HDAC1-2|PPIB-1,1,0.0001771479185119575,1567,0
HDAC1-2|MORF4L1-2,2,0.000354295837023915,1002.0,947.0
HRAS-1,26,0.004605845881310895,17.5,24.15543845804898
HRAS-1|Non-Targeting-7,1,0.0001771479185119575,291,0
HRAS-1|SNRNP40-1,1,0.0001771479185119575,751,0
HRAS-1|SUZ12-2,1,0.0001771479185119575,153,0
HRAS-1|HRAS-2,1,0.0001771479185119575,188,0
HRAS-1|PPIB-1,1,0.0001771479185119575,729,0
HRAS-1|SUZ12-2|TMPRSS2-2,1,0.0001771479185119575,444,0
HRAS-2,34,0.006023029229406555,193.5,164.66963886945865
HRAS-2|Non-Targeting-8,1,0.0001771479185119575,439,0
HRAS-2|PPIB-1,2,0.000354295837023915,1071.0,383.0
HRAS-2|PAIP2-2,1,0.0001771479185119575,458,0
HRAS-2|JUN-2|Non-Targeting-5|PAIP2-1,1,0.0001771479185119575,1408,0
HRAS-2|MBNL1-1,1,0.0001771479185119575,244,0
HRAS-2|MBNL1-2,1,0.0001771479185119575,81,0
JUN-1,59,0.010451727192205492,197,190.8661158353884
JUN-1|Non-Targeting-8,2,0.000354295837023915,290.0,175.0
JUN-1|SET-1,1,0.0001771479185119575,1757,0
JUN-1|TMPRSS2-2,2,0.000354295837023915,47.5,0.5
JUN-1|TRA2B-2,1,0.0001771479185119575,730,0
JUN-1|RAB1A-2,1,0.0001771479185119575,955,0
JUN-1|RAB1A-3,1,0.0001771479185119575,79,0
JUN-1|PPIB-1,1,0.0001771479185119575,279,0
JUN-1|PAIP2-2,1,0.0001771479185119575,313,0
JUN-1|Non-Targeting-5|Non-Targeting-7,1,0.0001771479185119575,284,0
JUN-1|PAIP2-2|SNRNP40-1,1,0.0001771479185119575,351,0
JUN-1|SRPK1-2,1,0.0001771479185119575,340,0
JUN-1|JUN-2|LMNA-1,1,0.0001771479185119575,576,0
JUN-2|MORF4L1-2|SMARCD1-1|SRPK1-2|TMPRSS2-1,1,0.0001771479185119575,575,0
JUN-2|UBE2N-1,2,0.000354295837023915,374.0,263.0
JUN-2,65,0.011514614703277236,233,207.75105493932483
JUN-2|Non-Targeting-5,1,0.0001771479185119575,516,0
JUN-2|Non-Targeting-7,4,0.00070859167404783,305.5,283.99944982341077
JUN-2|SMARCD1-1,1,0.0001771479185119575,370,0
JUN-2|MORF4L1-2,1,0.0001771479185119575,371,0
JUN-2|PPIB-1,2,0.000354295837023915,455.5,168.5
JUN-2|MORF4L1-2|SRPK1-2|TMPRSS2-1,1,0.0001771479185119575,379,0
JUN-2|TRA2B-2,1,0.0001771479185119575,1794,0
JUN-2|PAIP2-1,1,0.0001771479185119575,512,0
JUN-2|MBNL1-2|PAIP2-2,1,0.0001771479185119575,1165,0
JUN-2|MBNL1-1,1,0.0001771479185119575,123,0
KDM1A-1|TMPRSS2-1,1,0.0001771479185119575,111,0
KDM1A-1,24,0.004251550044286979,573.0,432.7821494573094
KDM1A-1|TMPRSS2-2,1,0.0001771479185119575,399,0
KDM1A-1|PPP2CA-1|RBM25-2,1,0.0001771479185119575,182,0
KDM1A-1|Non-Targeting-8,1,0.0001771479185119575,1172,0
KDM1A-1|MBNL1-1|RAB1A-3|SUZ12-1,2,0.000354295837023915,421.5,33.5
KDM1A-1|SMARCD1-2|TMPRSS2-1,1,0.0001771479185119575,351,0
KDM1A-2|Non-Targeting-8,1,0.0001771479185119575,1271,0
KDM1A-2,7,0.0012400354295837024,670,770.3579607916712
KDM1A-2|SNRNP70-1,1,0.0001771479185119575,1180,0
KDM1A-2|Non-Targeting-7,1,0.0001771479185119575,1076,0
KDM1A-2|RBM25-2,1,0.0001771479185119575,437,0
LMNA-1,23,0.004074402125775022,164,157.8675595288874
LMNA-1|TMPRSS2-1,1,0.0001771479185119575,1224,0
LMNA-1|Non-Targeting-5,1,0.0001771479185119575,69,0
LMNA-2,20,0.00354295837023915,466.0,425.64027946142505
LMNA-2|Non-Targeting-8,1,0.0001771479185119575,1572,0
LMNA-2|Non-Targeting-7,1,0.0001771479185119575,105,0
MBNL1-1|Non-Targeting-7,2,0.000354295837023915,606.5,399.5
MBNL1-1,67,0.011868910540301151,166,157.70653962276307
MBNL1-1|MORF4L1-1,1,0.0001771479185119575,779,0
MBNL1-1|Non-Targeting-7|SRPK1-2,2,0.000354295837023915,295.0,52.0
MBNL1-1|SUZ12-2,1,0.0001771479185119575,360,0
MBNL1-1|PPIB-2,1,0.0001771479185119575,383,0
MBNL1-1|SET-1,2,0.000354295837023915,1348.5,1078.5
MBNL1-1|Non-Targeting-8,1,0.0001771479185119575,79,0
MBNL1-1|SNRNP70-1,2,0.000354295837023915,267.0,188.0
MBNL1-1|TMPRSS2-2,2,0.000354295837023915,347.5,91.5
MBNL1-1|PAIP2-2,1,0.0001771479185119575,357,0
MBNL1-1|PPIB-1,1,0.0001771479185119575,629,0
MBNL1-1|MORF4L1-2|Non-Targeting-5,1,0.0001771479185119575,810,0
MBNL1-1|MBNL1-2,1,0.0001771479185119575,493,0
MBNL1-2,48,0.008503100088573958,100.0,214.28727148905094
MBNL1-2|PPIB-2,1,0.0001771479185119575,273,0
MBNL1-2|Non-Targeting-8,2,0.000354295837023915,344.5,101.5
MBNL1-2|Non-Targeting-5,3,0.0005314437555358724,278,241.4074471832954
MBNL1-2|TMPRSS2-1,1,0.0001771479185119575,125,0
MBNL1-2|SMARCD1-2|UBXN1-2,1,0.0001771479185119575,980,0
MBNL1-2|UBXN1-2,1,0.0001771479185119575,355,0
MORF4L1-1,33,0.005845881310894597,153,95.31948116434464
MORF4L1-1|SUZ12-1,1,0.0001771479185119575,587,0
MORF4L1-1|UBXN1-2,1,0.0001771479185119575,188,0
MORF4L1-1|PAIP2-2,1,0.0001771479185119575,152,0
MORF4L1-1|PPIB-1,1,0.0001771479185119575,745,0
MORF4L1-1|Non-Targeting-5,1,0.0001771479185119575,413,0
MORF4L1-1|RBM25-2,1,0.0001771479185119575,59,0
MORF4L1-2,24,0.004251550044286979,96.0,61.6396196316406
MORF4L1-2|Non-Targeting-5,1,0.0001771479185119575,397,0
MORF4L1-2|Non-Targeting-8|RAB1A-2,1,0.0001771479185119575,317,0
MORF4L1-2|PPIB-1|PPP2CA-1,1,0.0001771479185119575,269,0
MORF4L1-2|Non-Targeting-8,1,0.0001771479185119575,1269,0
MORF4L1-2|TMPRSS2-1,1,0.0001771479185119575,66,0
NOC2L-1|Non-Targeting-7,1,0.0001771479185119575,529,0
NOC2L-1,4,0.00070859167404783,47.5,26.06122598804592
NOC2L-1|RBBP4-1|TRA2B-1,2,0.000354295837023915,289.0,97.0
NOC2L-2,7,0.0012400354295837024,31,56.4356234291492
NOC2L-2|TPR-2,1,0.0001771479185119575,73,0
Non-Targeting-5,138,0.02444641275465013,208.0,185.62822708131156
Non-Targeting-5|SMARCD1-1,1,0.0001771479185119575,186,0
Non-Targeting-5|PAIP2-1,1,0.0001771479185119575,621,0
Non-Targeting-5|Non-Targeting-7|TMPRSS2-1,1,0.0001771479185119575,1174,0
Non-Targeting-5|PAIP2-2,1,0.0001771479185119575,112,0
Non-Targeting-5|Non-Targeting-7,5,0.0008857395925597874,221,128.73290177728458
Non-Targeting-5|SNRNP40-1,1,0.0001771479185119575,1368,0
Non-Targeting-5|SMARCD1-1|SRPK1-2|UBXN1-2,1,0.0001771479185119575,246,0
Non-Targeting-5|PPIB-1,4,0.00070859167404783,460.0,379.62975383918473
Non-Targeting-5|SRPK1-2,1,0.0001771479185119575,146,0
Non-Targeting-5|PPIB-2,1,0.0001771479185119575,461,0
Non-Targeting-5|TMPRSS2-2,1,0.0001771479185119575,666,0
Non-Targeting-5|SET-2,1,0.0001771479185119575,99,0
Non-Targeting-5|Non-Targeting-8,1,0.0001771479185119575,236,0
Non-Targeting-5|SMARCD1-2,2,0.000354295837023915,182.0,76.0
Non-Targeting-5|TMPRSS2-1,1,0.0001771479185119575,899,0
Non-Targeting-5|RBM25-2|SUZ12-2,1,0.0001771479185119575,777,0
Non-Targeting-5|Non-Targeting-7|SMARCD1-1|TMPRSS2-1,1,0.0001771479185119575,559,0
Non-Targeting-5|Non-Targeting-8|TMPRSS2-1,1,0.0001771479185119575,159,0
Non-Targeting-5|RAB1A-2,1,0.0001771479185119575,537,0
Non-Targeting-5|Non-Targeting-8|RAB1A-2,1,0.0001771479185119575,1243,0
Non-Targeting-5|Non-Targeting-7|PPIB-1|SRPK1-2,1,0.0001771479185119575,2527,0
Non-Targeting-5|Non-Targeting-8|SNRNP70-1,1,0.0001771479185119575,300,0
Non-Targeting-5|TPR-1,1,0.0001771479185119575,389,0
Non-Targeting-7,117,0.020726306465899024,264,222.08408888933056
Non-Targeting-7|Non-Targeting-8,3,0.0005314437555358724,555,200.1937949976361
Non-Targeting-7|PPIB-2,2,0.000354295837023915,438.5,102.5
Non-Targeting-7|SUZ12-2,1,0.0001771479185119575,601,0
Non-Targeting-7|PAIP2-1,2,0.000354295837023915,457.5,198.5
Non-Targeting-7|PAIP2-1|SMARCD1-1,1,0.0001771479185119575,904,0
Non-Targeting-7|Non-Targeting-8|UBE2N-1,1,0.0001771479185119575,454,0
Non-Targeting-7|SMARCD1-1,1,0.0001771479185119575,177,0
Non-Targeting-7|SRPK1-2,1,0.0001771479185119575,854,0
Non-Targeting-7|PAIP2-2,2,0.000354295837023915,441.0,110.0
Non-Targeting-7|PPP2CA-1,1,0.0001771479185119575,557,0
Non-Targeting-7|RAB1A-2,1,0.0001771479185119575,271,0
Non-Targeting-7|PAIP2-1|SUZ12-1,1,0.0001771479185119575,638,0
Non-Targeting-8,147,0.02604074402125775,302,264.811754995477
Non-Targeting-8|PAIP2-2,4,0.00070859167404783,724.0,301.02283966503273
Non-Targeting-8|TMPRSS2-1,1,0.0001771479185119575,478,0
Non-Targeting-8|RBBP4-1,1,0.0001771479185119575,111,0
Non-Targeting-8|RAB1A-2,1,0.0001771479185119575,309,0
Non-Targeting-8|SRPK1-2,4,0.00070859167404783,380.5,46.70853776345391
Non-Targeting-8|RBM25-1,1,0.0001771479185119575,36,0
Non-Targeting-8|PAIP2-1,1,0.0001771479185119575,876,0
Non-Targeting-8|SNRNP40-1,1,0.0001771479185119575,364,0
Non-Targeting-8|TMPRSS2-2,2,0.000354295837023915,529.0,372.0
Non-Targeting-8|SMARCD1-1,1,0.0001771479185119575,302,0
Non-Targeting-8|SET-2,1,0.0001771479185119575,338,0
Non-Targeting-8|SRRT-1,1,0.0001771479185119575,367,0
Non-Targeting-8|UBXN1-2,1,0.0001771479185119575,81,0
Non-Targeting-8|PPIB-2,2,0.000354295837023915,418.5,281.5
Non-Targeting-8|PPP2CA-2,1,0.0001771479185119575,162,0
Non-Targeting-8|SUZ12-2,1,0.0001771479185119575,205,0
Non-Targeting-8|PPIB-1,1,0.0001771479185119575,299,0
Non-Targeting-8|RBM25-2,1,0.0001771479185119575,614,0
Non-Targeting-8|RBBP4-2|TMPRSS2-1,1,0.0001771479185119575,1343,0
PAIP2-1,43,0.007617360496014172,365,690.5996046577845
PAIP2-1|PPIB-1,2,0.000354295837023915,1045.0,334.0
PAIP2-1|SET-2,1,0.0001771479185119575,566,0
PAIP2-1|SMARCD1-2,1,0.0001771479185119575,56,0
PAIP2-1|SNRNP40-2,1,0.0001771479185119575,116,0
PAIP2-1|TMPRSS2-2,1,0.0001771479185119575,444,0
PAIP2-1|UBXN1-2,1,0.0001771479185119575,735,0
PAIP2-1|PAIP2-2,1,0.0001771479185119575,105,0
PAIP2-2,51,0.009034543844109831,131,161.19471296029346
PAIP2-2|PPIB-1,2,0.000354295837023915,947.5,860.5
PAIP2-2|UBE2N-2,1,0.0001771479185119575,190,0
PAIP2-2|SMARCD1-1,1,0.0001771479185119575,423,0
PAIP2-2|PPIB-2,1,0.0001771479185119575,131,0
PAIP2-2|TPR-1,1,0.0001771479185119575,728,0
PAIP2-2|UBXN1-2,1,0.0001771479185119575,901,0
PAIP2-2|UBE2N-1,1,0.0001771479185119575,923,0
PAIP2-2|UBXN1-1,1,0.0001771479185119575,799,0
PAIP2-2|PPIB-1|RBM25-2,1,0.0001771479185119575,819,0
PAIP2-2|RBM25-2,1,0.0001771479185119575,100,0
PPIB-1,51,0.009034543844109831,493,443.1463637793644
PPIB-1|RBBP4-1,2,0.000354295837023915,742.0,484.0
PPIB-1|RBBP4-1|TMPRSS2-1,1,0.0001771479185119575,847,0
PPIB-1|SRPK1-2,2,0.000354295837023915,1043.5,356.5
PPIB-1|SUZ12-2,1,0.0001771479185119575,389,0
PPIB-2,48,0.008503100088573958,172.5,177.0380530344316
PPIB-2|RAB1A-3,3,0.0005314437555358724,137,214.6314670934033
PPIB-2|SRPK1-2,1,0.0001771479185119575,346,0
PPIB-2|TMPRSS2-2,1,0.0001771479185119575,534,0
PPIB-2|SNRNP40-2,1,0.0001771479185119575,705,0
PPIB-2|TMPRSS2-1,1,0.0001771479185119575,409,0
PPIB-2|SET-2,1,0.0001771479185119575,298,0
PPIB-2|PPP2CA-1,1,0.0001771479185119575,154,0
PPP2CA-1,14,0.0024800708591674048,338.0,224.0265222090037
PPP2CA-1|SET-2,2,0.000354295837023915,538.0,165.0
PPP2CA-2,13,0.0023029229406554474,225,258.70798689875636
PPP2CA-2|RBBP4-2,1,0.0001771479185119575,34,0
PPP2CA-2|RAB1A-2,1,0.0001771479185119575,38,0
RAB1A-2|UBXN1-1,1,0.0001771479185119575,758,0
RAB1A-2,28,0.0049601417183348095,252.0,155.44968918382224
RAB1A-2|SUZ12-2|UBE2N-1,1,0.0001771479185119575,670,0
RAB1A-3,18,0.0031886625332152346,160.0,141.2554817028745
RAB1A-3|RBBP4-1,1,0.0001771479185119575,1053,0
RAB1A-3|SMARCD1-1,1,0.0001771479185119575,444,0
RAB1A-3|SNRNP40-1,1,0.0001771479185119575,1406,0
RBBP4-1,21,0.003720106288751107,137,173.80007802121784
RBBP4-1|SRPK1-2,1,0.0001771479185119575,200,0
RBBP4-1|SMARCD1-1,2,0.000354295837023915,338.5,123.5
RBBP4-2,10,0.001771479185119575,88.5,133.53235562963758
RBM25-1,2,0.000354295837023915,29.5,23.5
RBM25-2,47,0.008325952170062002,25,45.114973088106865
RBM25-2|SMARCD1-2,1,0.0001771479185119575,425,0
RBM25-2|UBE2N-2,1,0.0001771479185119575,342,0
SET-1,33,0.005845881310894597,559,678.1399464421147
SET-1|SNRNP70-1,1,0.0001771479185119575,1250,0
SET-1|SNRNP40-1,1,0.0001771479185119575,1647,0
SET-1|SRPK1-2,1,0.0001771479185119575,309,0
SET-1|UBXN1-2,1,0.0001771479185119575,822,0
SET-2,21,0.003720106288751107,332,307.11209886593736
SET-2|TMPRSS2-1,1,0.0001771479185119575,125,0
SET-2|UBE2N-2,1,0.0001771479185119575,613,0
SMARCD1-1,62,0.010983170947741363,62.5,58.4761417770358
SMARCD1-1|SUZ12-2,1,0.0001771479185119575,282,0
SMARCD1-1|SNRNP70-1,2,0.000354295837023915,598.0,419.0
SMARCD1-1|SRPK1-2,2,0.000354295837023915,191.5,14.5
SMARCD1-1|SNRNP40-1,1,0.0001771479185119575,47,0
SMARCD1-2,22,0.0038972542072630645,126.0,81.37309493015734
SMARCD1-2|TMPRSS2-1,2,0.000354295837023915,271.0,69.0
SNRNP40-1,40,0.0070859167404783,334.0,510.78541910962963
SNRNP40-1|UBXN1-1,1,0.0001771479185119575,233,0
SNRNP40-1|TMPRSS2-1,1,0.0001771479185119575,1523,0
SNRNP40-2,8,0.00141718334809566,541.5,465.75315350515876
SNRNP40-2|TMPRSS2-2,1,0.0001771479185119575,2211,0
SNRNP70-1,3,0.0005314437555358724,99,24.225789747475496
SNRNP70-1|TPR-1,1,0.0001771479185119575,70,0
SNRNP70-2,5,0.0008857395925597874,7,12.24744871391589
SRPK1-1,6,0.0010628875110717448,5.0,0.6871842709362768
SRPK1-2,53,0.009388839681133746,189,181.89602458367517
SRPK1-2|UBXN1-2,1,0.0001771479185119575,462,0
SRPK1-2|TMPRSS2-1,1,0.0001771479185119575,468,0
SRPK1-2|UBXN1-1,1,0.0001771479185119575,359,0
SRRT-1,9,0.0015943312666076173,126,84.9737795433188
SRRT-2,5,0.0008857395925597874,30,26.31653472628948
SRRT-2|TMPRSS2-1,1,0.0001771479185119575,240,0
SRRT-2|UBXN1-2,1,0.0001771479185119575,130,0
SUZ12-1,10,0.001771479185119575,431.5,340.85042173950734
SUZ12-1|TMPRSS2-2,1,0.0001771479185119575,401,0
SUZ12-2,67,0.011868910540301151,175,173.79645776728913
SUZ12-2|UBXN1-2,1,0.0001771479185119575,207,0
TMPRSS2-1,65,0.011514614703277236,247,187.92206870222944
TMPRSS2-1|TRA2B-2,1,0.0001771479185119575,260,0
TMPRSS2-1|UBE2N-2,1,0.0001771479185119575,129,0
TMPRSS2-2,51,0.009034543844109831,43,54.29931145892639
TMPRSS2-2|TRA2B-2,1,0.0001771479185119575,34,0
TPR-1,9,0.0015943312666076173,175,179.98703657023006
TPR-2,10,0.001771479185119575,3.5,1.8
TRA2B-1,14,0.0024800708591674048,72.0,75.20421177957891
TRA2B-2,14,0.0024800708591674048,361.5,248.95800194951332
UBE2N-1,19,0.003365810451727192,234,219.4343395252459
UBE2N-2,32,0.00566873339238264,96.5,201.99918780777313
UBE2N-2|UBXN1-2,1,0.0001771479185119575,424,0
UBXN1-1,8,0.00141718334809566,174.5,139.66561629477744
UBXN1-2,39,0.006908768821966342,385,307.1871109023562
