Perturbation,Target Gene,Log2 Fold Change,p Value,Log2 Fold Change Lower Bound,Log2 Fold Change Upper Bound,Cells with Perturbation,Mean UMI Count Among Cells with Perturbation,Cells with Non-Targeting Guides,Mean UMI Count Among Cells with Non-Targeting Guides
RAB1A,RAB1A,-2.0696952421993586,0.08851668226706151,-2.4626998675995506,-1.5353012946117817,50,0.0,411,0.07785888077858881
MORF4L1,MORF4L1,-2.009694601165038,0.03905047096718994,-3.1929720760578033,-1.1306106292100266,60,0.016666666666666666,411,0.13138686131386862
SRPK1,SRPK1,-2.006376479367658,0.12234791558238443,-2.4298515617369687,-1.4552050179812737,65,0.0,411,0.05596107055961071
PPIB,PPIB,-1.908791064376349,0.0016605070390350272,-3.05592316601492,-1.1585685375545975,109,0.05504587155963303,411,0.21654501216545013
ELOF1,ELOF1,-1.8115000815153728,0.15201745128750846,-2.3131432743063183,-0.7958021249676133,135,0.0,411,0.024330900243309004
BAZ1B,BAZ1B,-1.8014760478014433,0.04709839357462982,-3.080799862039513,-0.8081752904457744,77,0.012987012987012988,411,0.08759124087591241
UBXN1,UBXN1,-1.7968046545636076,0.1527473127283183,-2.057953599087617,-1.300970909876063,48,0.0,411,0.0705596107055961
LMNA,LMNA,-1.792982411209255,0.07434249347543548,-2.959096902567618,-0.7412043098786727,46,0.021739130434782608,411,0.1386861313868613
HRAS,HRAS,-1.6141040901630523,0.1896335183924475,-2.008043517210356,-1.0673055833533818,63,0.0,411,0.043795620437956206
GSK3A,GSK3A,-1.5563742224631518,0.21445750103807557,-2.227679100299242,-0.8360077466141815,142,0.0,411,0.0170316301703163
H2AFY,H2AFY,-1.546154774445017,0.11686656298345081,-2.754657202628729,-0.541413735023935,78,0.01282051282051282,411,0.072992700729927
EIF4EBP1,EIF4EBP1,-1.425931122492801,0.1379066280580648,-2.9756167398147375,-0.2581842532777672,73,0.0273972602739726,411,0.10948905109489052
TPR,TPR,-1.2951320201287855,0.3493798370446574,-1.6000193176477113,-0.8735559652064864,20,0.0,411,0.1070559610705596
SUZ12,SUZ12,-1.2889118042910224,0.2559915881883867,-2.5203922662863683,-0.38082139025111994,79,0.012658227848101266,411,0.06326034063260341
CDKN3,CDKN3,-1.1821029893714066,0.2707933885490235,-2.458728350335041,-0.21761990918941,94,0.010638297872340425,411,0.043795620437956206
CAMLG,CAMLG,-1.1018570171865365,0.40871000596875956,-1.5874109153663705,-0.29323027020507997,69,0.0,411,0.0267639902676399
MBNL1,MBNL1,-1.0604936119380532,0.27992246783325264,-2.583476276266204,-0.14239043432867948,124,0.04032258064516129,411,0.09002433090024331
ATF4,ATF4,-0.8793031346760714,0.33548216571264666,-2.459237137962864,0.2012561102809567,94,0.02127659574468085,411,0.051094890510948905
SET,SET,-0.8010474887100134,0.36612017528815505,-1.817994536937313,0.05829532713737917,56,0.08928571428571429,411,0.17761557177615572
GRB2,GRB2,-0.7626956105172251,0.5811491210655202,-2.1096517821508085,0.29675693357214694,68,0.014705882352941176,411,0.04866180048661801
RBM25,RBM25,-0.75817991950376,0.387559266007856,-2.387285207000659,0.14806394425977532,51,0.0392156862745098,411,0.09245742092457421
PPP2CA,PPP2CA,-0.6090054447468427,0.6613171235575807,-1.1015970952442462,-0.11539364612626812,29,0.0,411,0.051094890510948905
JUN,JUN,-0.5635375327956478,0.7151801106355986,-2.012699998897835,0.5816779798395357,132,0.007575757575757576,411,0.019464720194647202
EZH2,EZH2,-0.5497241876864738,0.7395125237780905,-1.9110434599106876,0.7183527674493266,122,0.00819672131147541,411,0.024330900243309004
UBE2N,UBE2N,-0.43591860073295363,0.6162842363698847,-2.0838695910784835,0.4030175670206022,52,0.038461538461538464,411,0.0681265206812652
SNRNP40,SNRNP40,-0.35881671470468124,0.6249086201261753,-1.0334903196987693,0.43561038824030973,50,0.0,411,0.021897810218978103
EZR,EZR,-0.22211211672268494,0.8587793252286738,-1.1729340959248575,0.6253051199841471,73,0.0684931506849315,411,0.0948905109489051
TRA2B,TRA2B,-0.14343002045271191,1.0,-0.5985451136995046,0.44004697393935466,28,0.0,411,0.0364963503649635
SMARCD1,SMARCD1,-0.08141820479938211,1.0,-1.5256562923940296,1.1130550717193834,89,0.011235955056179775,411,0.019464720194647202
PAIP2,PAIP2,0.06086078155982033,1.0,-1.1560324573994833,0.9858445838521801,106,0.03773584905660377,411,0.0413625304136253
CSNK2A1,CSNK2A1,0.07188108689681538,1.0,-1.2044111287672714,1.1029162579664002,93,0.06451612903225806,411,0.0681265206812652
KDM1A,KDM1A,0.195511392407842,1.0,-0.4450497019341553,1.2180422508443964,34,0.0,411,0.019464720194647202
HDAC1,HDAC1,0.2222254559194985,1.0,-1.5302157450232752,1.175281826144308,60,0.03333333333333333,411,0.0413625304136253
APH1A,APH1A,0.22540359546437116,1.0,-1.4043767052613392,1.4259492266909515,125,0.016,411,0.0170316301703163
DHX9,DHX9,0.3771394860179593,1.0,-0.8334833824599492,1.5032885037311536,19,0.05263157894736842,411,0.072992700729927
RBBP4,RBBP4,0.4084343485765025,1.0,-0.12416941568733986,1.4983288167987645,32,0.0,411,0.019464720194647202
BRD4,BRD4,0.9001922593391094,0.2329963119027432,-0.15013685870330917,1.8534629801299158,101,0.06930693069306931,411,0.038929440389294405
NOC2L,NOC2L,0.9046533589515291,1.0,0.37803013835911026,1.6294213105307787,12,0.0,411,0.0364963503649635
CTNNB1,CTNNB1,1.234510792534484,0.5296765275483437,-0.09355989890341743,2.3454256092033514,28,0.03571428571428571,411,0.0267639902676399
ACE2,ACE2,1.3836299410382873,1.0,1.2975942741572144,1.4704816405162529,152,0.0,411,0.0
SRRT,SRRT,1.5833998533925846,1.0,0.9253260309726317,2.3774502628016525,15,0.0,411,0.021897810218978103
TMPRSS2,TMPRSS2,1.7780728009747753,1.0,1.6690712741965736,1.865535117544801,123,0.0,411,0.0
CTCF,CTCF,1.9362948604660732,0.17825179335134048,0.07567211102821458,2.801080371805715,14,0.14285714285714285,411,0.046228710462287104
DPP4,DPP4,2.0415114858449783,1.0,1.9535874158634314,2.123187513286518,101,0.0,411,0.0
